Time(s),Altitude (m),X acceleration,Y acceleration,Z acceleration,Abs acceleration,Velocity y,Velocity x,Channel z,Velocity abs
0,0,0,0,0,0,0,0,0,0
0,0,0,0,0,0,0,0,0,0
0,0,0,0,0,0,0,0,0,0
0,0,0,0,0,0,0,0,0,0
0,0,0,0,0,0,0,0,0,0
0,0,0,0,0,0,0,0,0,0
0,0,0,0,0,0,0,0,0,0
0,0,0,0,0,0,0,0,0,0
0,0,0,0,0,0,0,0,0,0
0,0,0,0,0,0,0,0,0,0
0,0,0,0,0,0,0,0,0,0
0,0,0,0,0,0,0,0,0,0
0,0,0,0,0,0,0,0,0,0
0,0,0,0,0,0,0,0,0,0
0,0,0,0,0,0,0,0,0,0
0,0,0,0,0,0,0,0,0,0
0,0,0,0,0,0,0,0,0,0
0,0,0,0,0,0,0,0,0,0
0,0,0,0,0,0,0,0,0,0
0,0,0,0,0,0,0,0,0,0
0,0,0,0,0,0,0,0,0,0
0,0,0,0,0,0,0,0,0,0
0,0,0,0,0,0,0,0,0,0
0,0,0,0,0,0,0,0,0,0
0,0,0,0,0,0,0,0,0,0
0,0,0,0,0,0,0,0,0,0
0,0,0,0,0,0,0,0,0,0
0,0,0,0,0,0,0,0,0,0
0,0,0,0,0,0,0,0,0,0
0,0,0,0,0,0,0,0,0,0
0,0,0,0,0,0,0,0,0,0
0,0,0,0,0,0,0,0,0,0
0,0,0,0,0,0,0,0,0,0
0,0,0,0,0,0,0,0,0,0
0,0,0,0,0,0,0,0,0,0
0,0,0,0,0,0,0,0,0,0
0,0,0,0,0,0,0,0,0,0
0,0,0,0,0,0,0,0,0,0
0,0,0,0,0,0,0,0,0,0
0,0,0,0,0,0,0,0,0,0
0,0,0,0,0,0,0,0,0,0
0,0,0,0,0,0,0,0,0,0
0,0,0,0,0,0,0,0,0,0
0,0,0,0,0,0,0,0,0,0
0,0,0,0,0,0,0,0,0,0
0,0,0,0,0,0,0,0,0,0
0,0,0,0,0,0,0,0,0,0
0,0,0,0,0,0,0,0,0,0
0,0,0,0,0,0,0,0,0,0
0,0,0,0,0,0,0,0,0,0
0,0,0,0,0,0,0,0,0,0
0,0,0,0,0,0,0,0,0,0
0,0,0,0,0,0,0,0,0,0
0,0,0,0,0,0,0,0,0,0
0,0,0,0,0,0,0,0,0,0
0,0,0,0,0,0,0,0,0,0
0,0,0,0,0,0,0,0,0,0
0,0,0,0,0,0,0,0,0,0
0,0,0,0,0,0,0,0,0,0
0,0,0,0,0,0,0,0,0,0
0,0,0,0,0,0,0,0,0,0
0,0,0,0,0,0,0,0,0,0
0,0,0,0,0,0,0,0,0,0
0,0,0,0,0,0,0,0,0,0
0,0,0,0,0,0,0,0,0,0
0,0,0,0,0,0,0,0,0,0
0,0,0,0,0,0,0,0,0,0
0,0,0,0,0,0,0,0,0,0
0,0,0,0,0,0,0,0,0,0
0,0,0,0,0,0,0,0,0,0
0,0,0,0,0,0,0,0,0,0
0,0,0,0,0,0,0,0,0,0
0,0,0,0,0,0,0,0,0,0
0,0,0,0,0,0,0,0,0,0
0,0,0,0,0,0,0,0,0,0
0,0,0,0,0,0,0,0,0,0
0,0,0,0,0,0,0,0,0,0
0,0,0,0,0,0,0,0,0,0
0,0,0,0,0,0,0,0,0,0
0,0,0,0,0,0,0,0,0,0
0,0,0,0,0,0,0,0,0,0
0,0,0,0,0,0,0,0,0,0
0,0,0,0,0,0,0,0,0,0
0,0,0,0,0,0,0,0,0,0
0,0,0,0,0,0,0,0,0,0
0,0,0,0,0,0,0,0,0,0
0,0,0,0,0,0,0,0,0,0
0,0,0,0,0,0,0,0,0,0
0,0,0,0,0,0,0,0,0,0
0,0,0,0,0,0,0,0,0,0
0,0,0,0,0,0,0,0,0,0
0,0,0,0,0,0,0,0,0,0
0,0,0,0,0,0,0,0,0,0
0,0,0,0,0,0,0,0,0,0
0,0,0,0,0,0,0,0,0,0
0,0,0,0,0,0,0,0,0,0
0,0,0,0,0,0,0,0,0,0
0,0,0,0,0,0,0,0,0,0
0,0,0,0,0,0,0,0,0,0
0,0,0,0,0,0,0,0,0,0
0,0,0,0,0,0,0,0,0,0
0,0,0,0,0,0,0,0,0,0
0,0,0,0,0,0,0,0,0,0
0,0,0,0,0,0,0,0,0,0
0,0,0,0,0,0,0,0,0,0
0,0,0,0,0,0,0,0,0,0
0,0,0,0,0,0,0,0,0,0
0,0,0,0,0,0,0,0,0,0
0,0,0,0,0,0,0,0,0,0
0,0,0,0,0,0,0,0,0,0
0,0,0,0,0,0,0,0,0,0
0,0,0,0,0,0,0,0,0,0
0,0,0,0,0,0,0,0,0,0
0,0,0,0,0,0,0,0,0,0
0,0,0,0,0,0,0,0,0,0
0,0,0,0,0,0,0,0,0,0
0,0,0,0,0,0,0,0,0,0
0,0,0,0,0,0,0,0,0,0
0,0,0,0,0,0,0,0,0,0
0,0,0,0,0,0,0,0,0,0
0,0,0,0,0,0,0,0,0,0
0,0,0,0,0,0,0,0,0,0
0,0,0,0,0,0,0,0,0,0
0,0,0,0,0,0,0,0,0,0
0,0,0,0,0,0,0,0,0,0
0,0,0,0,0,0,0,0,0,0
0,0,0,0,0,0,0,0,0,0
0,0,0,0,0,0,0,0,0,0
0,0,0,0,0,0,0,0,0,0
0,0,0,0,0,0,0,0,0,0
0,0,0,0,0,0,0,0,0,0
0,0,0,0,0,0,0,0,0,0
0,0,0,0,0,0,0,0,0,0
0,0,0,0,0,0,0,0,0,0
0,0,0,0,0,0,0,0,0,0
0,0,0,0,0,0,0,0,0,0
0,0,0,0,0,0,0,0,0,0
0,0,0,0,0,0,0,0,0,0
0,0,0,0,0,0,0,0,0,0
0,0,0,0,0,0,0,0,0,0
0,0,0,0,0,0,0,0,0,0
0,0,0,0,0,0,0,0,0,0
0,0,0,0,0,0,0,0,0,0
0,0,0,0,0,0,0,0,0,0
0,0,0,0,0,0,0,0,0,0
0,0,0,0,0,0,0,0,0,0
0,0,0,0,0,0,0,0,0,0
0,0,0,0,0,0,0,0,0,0
0,0,0,0,0,0,0,0,0,0
0,0,0,0,0,0,0,0,0,0
0,0,0,0,0,0,0,0,0,0
0,0,0,0,0,0,0,0,0,0
0,0,0,0,0,0,0,0,0,0
0,0,0,0,0,0,0,0,0,0
0,0,0,0,0,0,0,0,0,0
0,0,0,0,0,0,0,0,0,0
0,0,0,0,0,0,0,0,0,0
0,0,0,0,0,0,0,0,0,0
0,0,0,0,0,0,0,0,0,0
0,0,0,0,0,0,0,0,0,0
0,0,0,0,0,0,0,0,0,0
0,0,0,0,0,0,0,0,0,0
0,0,0,0,0,0,0,0,0,0
0,0,0,0,0,0,0,0,0,0
0,0,0,0,0,0,0,0,0,0
0,0,0,0,0,0,0,0,0,0
0,0,0,0,0,0,0,0,0,0
0,0,0,0,0,0,0,0,0,0
0,0,0,0,0,0,0,0,0,0
0,0,0,0,0,0,0,0,0,0
0,0,0,0,0,0,0,0,0,0
0,0,0,0,0,0,0,0,0,0
11,-0.3,11.54,6.65,8.55,15.83,0.39,0,0,0
12,6.48,11.52,6.54,8.29,15.62,0.39,0,0,0
12,7.6,11.47,6.39,8.15,15.45,0.4,0,0,0
12,4.79,11.18,6.37,7.71,15,0.41,0,0,0
12,0.41,11.2,6.45,7.42,14.91,0.41,0,0,0
12,-0.04,11.15,6.37,7.38,14.81,0.41,0,0,0
12,0.77,11.2,6.23,7.31,14.76,0.41,0,0,0
12,7.25,11.2,6.06,7.2,14.63,0.41,0,0,0
12,7.2,11.1,6.06,7.16,14.53,0.42,0,0,0
12,1.94,11.32,6.15,7.25,14.78,0.42,0,0,0
13,-0.2,11.35,6.26,7.49,14.97,0.43,0,0,0
13,-0.25,11.37,6.19,7.51,14.97,0.44,0,0,0
13,7.19,11.64,6.32,7.73,15.34,0.44,0,0,0
13,7.51,11.91,6.45,7.84,15.65,0.44,0,0,0
13,3.07,12.01,6.32,7.87,15.68,0.44,0,0,0
13,-0.5,12.06,6.39,7.84,15.74,0.44,0,0,0
13,-0.21,12.06,6.3,7.71,15.64,0.44,0,0,0
13,6.46,12.15,6.43,7.71,15.76,0.45,0,0,0
13,6.53,12.01,6.39,7.45,15.5,0.46,0,0,0
14,3.77,11.81,6.32,7.18,15.2,0.46,0,0,0
14,-0.44,11.64,6.3,6.96,14.95,0.47,0,0,0
14,-0.32,11.59,6.26,6.87,14.86,0.48,0,0,0
14,4.89,11.47,6.23,6.69,14.67,0.48,0,0,0
14,6.98,11.37,6.15,6.5,14.47,0.48,0,0,0
14,5.13,11.35,6.1,6.5,14.43,0.49,0,0,0
14,1.18,11.25,6.13,6.52,14.37,0.49,0,0,0
14,-0.08,11.23,6.21,6.63,14.44,0.5,0,0,0
15,-0.27,11.13,6.15,6.63,14.34,0.51,0,0,0
15,6.88,11.18,6.13,6.61,14.36,0.51,0,0,0
15,6.84,11.1,6.13,6.52,14.26,0.51,0,0,0
15,2.29,10.98,6.13,6.45,14.13,0.51,0,0,0
15,-0.24,10.86,6.04,6.43,13.99,0.51,0,0,0
15,-0.22,10.81,5.91,6.34,13.86,0.52,0,0,0
15,7.2,10.83,5.93,6.27,13.85,0.52,0,0,0
15,7.11,11.13,5.91,6.21,14.05,0.53,0,0,0
15,3.34,11.47,5.71,6.16,14.22,0.54,0,0,0
16,-0.46,11.96,5.65,6.21,14.61,0.54,0,0,0
16,-0.33,12.54,5.71,6.32,15.16,0.54,0,0,0
16,5.86,12.96,5.82,6.5,15.62,0.54,0,0,0
16,6.97,13.25,5.82,6.69,15.95,0.54,0,0,0
16,4.13,13.3,5.86,6.96,16.12,0.55,0,0,0
16,0.13,13.2,5.91,7.05,16.09,0.55,0,0,0
16,-0.5,13.1,6.08,7.22,16.15,0.56,0,0,0
16,0.69,12.69,6.06,7.27,15.83,0.57,0,0,0
17,6.71,12.45,6.04,7.2,15.6,0.57,0,0,0
17,6.68,12.08,6,7.18,15.28,0.58,0,0,0
17,1.39,11.66,6,7.11,14.92,0.58,0,0,0
17,-0.48,11.4,6.21,7.07,14.78,0.58,0,0,0
17,-0.42,10.93,6.15,6.87,14.3,0.58,0,0,0
17,7.26,11.08,6.26,7,14.52,0.59,0,0,0
17,7.13,11.1,6.41,7.07,14.64,0.6,0,0,0
17,2.68,11.37,6.61,7.34,15.06,0.6,0,0,0
17,-0.34,11.74,6.61,7.45,15.39,0.61,0,0,0
18,-0.12,12.13,6.71,7.64,15.83,0.6,0,0,0
18,3.84,12.25,6.89,7.98,16.16,0.62,0,0,0
18,-0.45,12.1,6.85,7.82,15.95,0.62,0,0,0
18,-0.22,11.93,6.87,7.82,15.83,0.63,0,0,0
18,5.12,11.71,6.82,7.91,15.69,0.64,0,0,0
18,6.9,11.62,6.82,7.91,15.62,0.64,0,0,0
18,4.83,11.45,6.71,7.78,15.38,0.64,0,0,0
19,0.98,11.25,6.63,7.64,15.13,0.64,0,0,0
19,-0.5,11.18,6.54,7.64,15.04,0.64,0,0,0
19,-0.13,11.18,6.61,7.76,15.12,0.65,0,0,0
19,6.93,11.08,6.3,7.6,14.84,0.66,0,0,0
19,6.87,11.45,6.19,7.69,15.11,0.66,0,0,0
19,2.24,11.81,6.06,7.93,15.46,0.67,0,0,0
19,-0.28,12.37,5.84,8.11,15.9,0.67,0,0,0
19,-0.01,12.96,5.65,8.24,16.36,0.67,0,0,0
20,7.09,13.23,5.32,8.29,16.49,0.67,0,0,0
20,7.27,13.54,5.34,8.66,16.94,0.68,0,0,0
20,3.53,13.42,5.1,8.97,16.93,0.68,0,0,0
20,-0.42,13.52,5.12,9.13,17.1,0.69,0,0,0
20,-0.61,13.59,5.14,9.15,17.17,0.7,0,0,0
20,5.84,13.47,5.14,9.15,17.08,0.7,0,0,0
20,6.87,13.4,5.04,9.15,16.99,0.7,0,0,0
20,4.44,13.45,4.88,9.01,16.91,0.7,0,0,0
20,0.21,13.52,4.82,8.77,16.82,0.7,0,0,0
21,-0.66,13.54,4.71,8.48,16.66,0.71,0,0,0
21,0.27,13.49,4.75,8.35,16.57,0.71,0,0,0
21,6.77,13.37,4.71,8.11,16.33,0.71,0,0,0
21,6.69,13.47,4.86,7.98,16.39,0.72,0,0,0
21,1.48,13.45,4.88,7.82,16.3,0.72,0,0,0
21,-0.55,13.37,4.91,7.69,16.19,0.72,0,0,0
21,-0.57,13.32,4.97,7.64,16.15,0.72,0,0,0
21,7.08,13.18,4.88,7.56,15.96,0.72,0,0,0
22,7.3,13.15,4.93,7.56,15.95,0.73,0,0,0
22,2.93,13.03,4.86,7.49,15.8,0.73,0,0,0
22,-0.51,12.91,4.84,7.45,15.67,0.74,0,0,0
22,-0.63,12.88,4.95,7.47,15.69,0.75,0,0,0
22,5.98,12.79,4.93,7.51,15.63,0.75,0,0,0
22,6.73,12.69,5.01,7.58,15.61,0.75,0,0,0
22,3.5,12.59,5.06,7.64,15.57,0.75,0,0,0
22,-0.42,12.52,5.1,7.71,15.56,0.75,0,0,0
22,-0.44,12.54,5.23,7.73,15.64,0.75,0,0,0
23,4.84,12.45,5.23,7.76,15.57,0.76,0,0,0
23,6.81,12.35,5.25,7.73,15.49,0.76,0,0,0
23,5.17,12.25,5.17,7.69,15.36,0.77,0,0,0
23,1.03,12.23,5.14,7.67,15.32,0.77,0,0,0
23,-0.63,12.25,5.28,7.67,15.38,0.77,0,0,0
23,-0.36,12.2,5.3,7.67,15.35,0.77,0,0,0
23,7.02,12.2,5.32,7.62,15.34,0.77,0,0,0
23,6.7,12.23,5.34,7.62,15.37,0.77,0,0,0
23,2.58,12.2,5.41,7.62,15.37,0.78,0,0,0
24,-0.45,12.15,5.47,7.67,15.38,0.79,0,0,0
24,-0.5,12.06,5.45,7.64,15.28,0.79,0,0,0
24,6.83,11.98,5.43,7.64,15.21,0.8,0,0,0
24,6.99,11.91,5.41,7.69,15.17,0.8,0,0,0
24,3.55,11.84,5.43,7.67,15.11,0.8,0,0,0
24,-0.61,11.84,5.45,7.67,15.12,0.8,0,0,0
24,-0.3,11.88,5.47,7.62,15.14,0.81,0,0,0
24,5.5,11.96,5.49,7.58,15.19,0.81,0,0,0
25,6.72,12.01,5.56,7.62,15.27,0.82,0,0,0
25,4.47,12.01,5.58,7.62,15.28,0.82,0,0,0
25,0.34,12.01,5.62,7.6,15.28,0.82,0,0,0
25,-0.49,12.06,5.62,7.67,15.35,0.82,0,0,0
25,0.01,12.08,5.65,7.71,15.4,0.82,0,0,0
25,6.94,12.06,5.6,7.69,15.36,0.83,0,0,0
25,6.83,12.03,5.58,7.62,15.3,0.84,0,0,0
25,1.94,12.08,5.58,7.6,15.32,0.84,0,0,0
25,-0.46,12.1,5.54,7.62,15.34,0.85,0,0,0
26,-0.3,12.2,5.58,7.73,15.49,0.85,0,0,0
26,7.37,12.13,5.36,7.89,15.43,0.85,0,0,0
26,7.36,12.2,5.32,8.31,15.69,0.85,0,0,0
26,3.24,12.23,5.17,9.08,16.08,0.85,0,0,0
26,-0.43,12.35,5.14,9.74,16.55,0.86,0,0,0
26,-0.26,12.52,5.23,10.27,17.02,0.86,0,0,0
26,5.94,12.45,5.25,11.05,17.45,0.87,0,0,0
26,6.99,12.23,5.3,11.2,17.41,0.87,0,0,0
27,4.22,12.06,5.25,11.33,17.36,0.87,0,0,0
27,-0.54,12.06,5.17,10.96,17.09,0.87,0,0,0
27,1.35,12.03,5.21,10.8,16.99,0.88,0,0,0
27,5.96,11.96,5.12,10.74,16.87,0.89,0,0,0
27,7.42,12.03,5.08,10.19,16.56,0.89,0,0,0
27,3.98,12.23,5.17,10.19,16.73,0.9,0,0,0
27,-0.46,12.3,5.23,9.9,16.63,0.9,0,0,0
27,1.09,12.25,5.6,9.83,16.68,0.9,0,0,0
27,6.53,12.08,5.67,9.54,16.41,0.91,0,0,0
28,7.16,11.96,5.86,9.37,16.28,0.92,0,0,0
28,6.59,11.91,5.8,9.21,16.13,0.92,0,0,0
28,1.31,11.93,5.93,9.13,16.15,0.93,0,0,0
28,-0.49,11.98,6.1,9.21,16.3,0.93,0,0,0
28,-0.44,12.1,6.37,9.13,16.44,0.93,0,0,0
28,6.43,12.32,6.3,9.28,16.66,0.93,0,0,0
28,6.86,12.49,5.6,9.48,16.65,0.94,0,0,0
28,2.62,12.45,5.45,9.85,16.78,0.94,0,0,0
28,-0.6,12.23,5.47,10.19,16.83,0.95,0,0,0
29,-0.24,12.06,5.32,10.49,16.85,0.95,0,0,0
29,9.37,11.76,4.69,10.8,16.64,0.96,0,0,0
29,9.29,11.66,4.67,11.05,16.73,0.96,0,0,0
29,1.37,11.4,5.12,11.14,16.74,0.96,0,0,0
29,-0.36,11.37,5.38,11.2,16.85,0.97,0,0,0
29,2.12,11.52,5.3,11.27,16.96,0.97,0,0,0
29,6.11,11.57,5.3,11.38,17.07,0.98,0,0,0
29,6.25,11.45,5.62,11.51,17.18,0.98,0,0,0
30,2.16,11.37,5.6,11.56,17.15,0.99,0,0,0
30,-0.6,11.27,5.65,11.62,17.15,0.99,0,0,0
30,2.09,11.1,5.38,11.6,16.94,0.99,0,0,0
30,6.3,11.1,5.23,11.6,16.89,0.99,0,0,0
30,5.43,11.13,5.23,11.56,16.87,1,0,0,0
30,2.36,11.18,5.19,11.53,16.88,1,0,0,0
30,-0.53,11.2,5.45,11.69,17.08,1.01,0,0,0
30,1.67,11.59,5.36,11.93,17.48,1.01,0,0,0
30,4.58,11.98,5.54,11.95,17.81,1.01,0,0,0
31,5.86,12.23,5.38,11.98,17.94,1.01,0,0,0
31,2.38,12.42,5.25,11.98,18.04,1.01,0,0,0
31,-0.55,13.06,4.8,12.06,18.41,1.02,0,0,0
31,1.98,13.18,4.23,11.95,18.29,1.02,0,0,0
31,6.52,13.25,4.25,11.86,18.29,1.02,0,0,0
31,6.37,12.96,4.16,12,18.14,1.02,0,0,0
31,3.04,13.01,4.14,11.95,18.14,1.02,0,0,0
31,-0.31,12.93,3.88,12.09,18.12,1.03,0,0,0
32,2.16,12.84,4.23,12.13,18.16,1.03,0,0,0
32,6.69,12.71,4.23,12.15,18.09,1.03,0,0,0
32,7.36,12.71,4.25,12.06,18.03,1.03,0,0,0
32,4.79,13.18,3.99,11.93,18.22,1.03,0,0,0
32,-0.47,13.3,3.97,11.95,18.32,1.03,0,0,0
32,2.05,13.57,3.95,11.82,18.42,1.04,0,0,0
32,7.15,13.62,4.01,11.73,18.42,1.04,0,0,0
32,8.42,13.76,4.21,11.71,18.55,1.05,0,0,0
32,4.16,13.74,4.03,11.71,18.5,1.05,0,0,0
33,-0.38,13.62,4.19,11.86,18.54,1.05,0,0,0
33,1.43,13.67,4.23,12.04,18.7,1.05,0,0,0
33,6.14,13.4,3.99,12,18.42,1.06,0,0,0
33,7.9,13.06,3.55,11.98,18.07,1.06,0,0,0
33,4.35,12.98,3.18,11.84,17.86,1.06,0,0,0
33,-0.36,12.86,2.92,11.86,17.74,1.06,0,0,0
33,1.23,12.67,2.79,11.78,17.52,1.06,0,0,0
33,6.46,12.57,2.92,11.82,17.5,1.06,0,0,0
34,8.22,12.37,3.51,11.69,17.38,1.07,0,0,0
34,4.37,12.79,3.84,11.75,17.79,1.07,0,0,0
34,-0.7,12.93,4.03,11.86,18.01,1.07,0,0,0
34,0.99,13.03,4.34,11.91,18.18,1.08,0,0,0
34,7.27,13.03,4.49,11.8,18.14,1.08,0,0,0
34,9.63,12.74,4.62,11.44,17.74,1.09,0,0,0
34,6.7,12.69,4.53,11.42,17.67,1.09,0,0,0
34,0.08,12.2,4.4,11.16,17.11,1.09,0,0,0
34,0.52,11.91,4.62,10.94,16.82,1.09,0,0,0
35,6.78,11.84,4.71,10.72,16.65,1.09,0,0,0
35,8.3,11.64,4.82,10.69,16.52,1.1,0,0,0
35,6.76,11.47,4.71,10.58,16.3,1.1,0,0,0
35,0.77,11.45,4.77,10.45,16.22,1.1,0,0,0
35,-0.14,11.35,4.97,10.19,16.04,1.1,0,0,0
35,5.84,10.66,4.82,10.14,15.48,1.11,0,0,0
35,9.23,9.52,5.04,9.96,14.67,1.11,0,0,0
35,7.41,8.52,5.67,9.54,13.99,1.12,0,0,0
36,1.98,8.05,5.62,9.13,13.41,1.13,0,0,0
36,-0.48,7.25,5.38,8.86,12.65,1.13,0,0,0
36,-0.48,6.66,5.45,8.57,12.15,1.13,0,0,0
36,4.27,6.66,5.84,7.95,11.91,1.13,0,0,0
36,9.54,6.91,5.82,7.47,11.72,1.13,0,0,0
36,4.72,7.49,5.52,6.85,11.55,1.14,0,0,0
36,-1.09,7.39,6,6.43,11.49,1.14,0,0,0
36,-0.97,7.44,6.71,5.77,11.56,1.15,0,0,0
36,0.54,7.39,7.06,5.21,11.48,1.16,0,0,0
37,6,7.1,7.11,4.73,11.1,1.16,0,0,0
37,8.87,7.22,7.06,4.15,10.92,1.16,0,0,0
37,2.55,7.13,6.8,3.65,10.5,1.16,0,0,0
37,-1.01,7.25,6.43,3.29,10.23,1.16,0,0,0
37,-0.95,7.05,6.04,3.14,9.8,1.17,0,0,0
37,2.53,6.86,5.73,3.42,9.57,1.17,0,0,0
37,8.31,6.83,5.3,3.45,9.31,1.18,0,0,0
37,6.52,6.95,5.32,3.42,9.4,1.19,0,0,0
37,1.41,6.37,5.34,3.56,9.04,1.19,0,0,0
38,-1.07,6.17,5.43,3.84,9.08,1.19,0,0,0
38,-0.89,6.22,5.45,3.84,9.12,1.19,0,0,0
38,3.06,6.34,5.38,3.47,9.02,1.19,0,0,0
38,8.4,6.47,5.67,3.45,9.26,1.2,0,0,0
38,6.15,6.08,5.65,3.49,9,1.2,0,0,0
38,1.16,6.39,5.69,3.6,9.29,1.21,0,0,0
38,-1.2,6.1,5.62,3.29,8.93,1.21,0,0,0
38,-1.15,6.34,5.6,3.31,9.09,1.21,0,0,0
38,2.95,6.74,5.62,3.45,9.43,1.21,0,0,0
39,8.41,6.93,4.77,3.82,9.24,1.21,0,0,0
39,5.75,6.32,4.77,4.44,9.08,1.22,0,0,0
39,0.88,6,4.32,5.1,8.98,1.22,0,0,0
39,-1.44,7.81,4.25,6.69,11.13,1.23,0,0,0
39,-1.05,9.2,3.73,7.11,12.21,1.23,0,0,0
39,3.26,9.64,2.88,6.94,12.22,1.23,0,0,0
39,8.86,10.42,3.42,6.23,12.61,1.23,0,0,0
39,4.49,11.66,3.42,5.48,13.33,1.23,0,0,0
40,-1.27,12.4,3.82,4.79,13.83,1.23,0,0,0
40,-1.16,11.32,3.9,3.18,12.39,1.24,0,0,0
40,6.01,10.74,4.56,2.54,11.94,1.24,0,0,0
40,8.89,10.57,5.56,2.45,12.19,1.25,0,0,0
40,6.57,9.96,5.93,2.7,11.9,1.25,0,0,0
40,0.78,9.83,5.91,2.63,11.77,1.25,0,0,0
40,-1.2,10.18,5.89,2.52,12.02,1.25,0,0,0
40,-0.98,10.35,5.97,2.63,12.23,1.26,0,0,0
40,9.11,9.93,5.56,2.85,11.73,1.26,0,0,0
41,9.26,9.74,5.17,2.89,11.4,1.27,0,0,0
41,3.69,9.96,4.99,2.89,11.51,1.27,0,0,0
41,-1.09,10.03,5.14,2.89,11.64,1.28,0,0,0
41,-1.03,9.74,5.17,2.98,11.42,1.28,0,0,0
41,6.72,9.69,5.06,2.94,11.32,1.28,0,0,0
41,7.29,9.91,5.19,2.89,11.55,1.28,0,0,0
41,6.84,9.86,5.25,2.98,11.56,1.29,0,0,0
41,1.38,9.71,5.25,2.98,11.44,1.29,0,0,0
41,-1.08,9.81,5.04,3,11.43,1.3,0,0,0
42,-0.84,9.98,5.12,2.96,11.6,1.3,0,0,0
42,3.93,9.81,5.08,2.92,11.43,1.31,0,0,0
42,9.27,9.74,5.25,2.81,11.41,1.31,0,0,0
42,4.84,9.93,5.32,2.72,11.59,1.31,0,0,0
42,-0.78,10.05,5.23,2.7,11.65,1.31,0,0,0
42,-0.88,9.93,5.21,2.78,11.56,1.31,0,0,0
42,6.16,9.88,5.19,2.78,11.5,1.32,0,0,0
42,6.58,9.98,5.12,2.76,11.55,1.32,0,0,0
43,9.21,10.01,5.06,2.76,11.55,1.33,0,0,0
43,2.66,9.96,5.12,2.74,11.53,1.33,0,0,0
43,-0.68,9.96,5.14,2.74,11.54,1.33,0,0,0
43,-0.52,9.98,5.19,2.74,11.58,1.33,0,0,0
43,3.52,9.93,5.04,2.81,11.48,1.33,0,0,0
43,9.33,9.98,5.28,2.72,11.61,1.34,0,0,0
43,4.86,10.15,5.84,2.45,11.97,1.34,0,0,0
43,-0.05,10.2,6.08,2.39,12.11,1.35,0,0,0
43,-0.76,10.25,6.28,2.41,12.26,1.35,0,0,0
44,6.13,10.25,6.34,2.36,12.28,1.35,0,0,0
44,9.05,10.35,6.63,2.25,12.49,1.35,0,0,0
44,7.53,10.3,6.5,2.43,12.42,1.36,0,0,0
44,1.95,10.01,5.82,2.83,11.92,1.37,0,0,0
44,-0.57,9.83,5.3,3.03,11.57,1.37,0,0,0
44,-0.37,9.79,5.17,3.03,11.47,1.38,0,0,0
44,5.35,9.47,4.21,3.4,10.91,1.39,0,0,0
44,10.21,9.47,4.43,3.2,10.93,1.39,0,0,0
44,5.1,9.3,3.99,3.31,10.65,1.39,0,0,0
45,-0.19,9.52,4.32,3.12,10.9,1.39,0,0,0
45,-0.1,9.59,4.51,3.12,11.05,1.4,0,0,0
45,2.31,9.61,4.75,3.05,11.15,1.4,0,0,0
45,7.84,10.22,6.56,2.25,12.36,1.41,0,0,0
45,7.54,10.08,6.08,2.54,12.04,1.41,0,0,0
45,2.17,10.27,6.71,2.34,12.49,1.41,0,0,0
45,0.05,10.15,6.45,2.61,12.31,1.41,0,0,0
45,0.07,10.27,6.65,2.56,12.5,1.42,0,0,0
46,5.51,10.13,6.08,2.81,12.14,1.43,0,0,0
46,10.37,9.79,5.04,3.31,11.49,1.43,0,0,0
46,4.61,9.64,4.38,3.58,11.18,1.43,0,0,0
46,0.15,9.66,4.19,3.6,11.13,1.44,0,0,0
46,0.29,9.61,4.1,3.56,11.04,1.44,0,0,0
46,3.52,9.69,4.27,3.38,11.11,1.44,0,0,0
46,8.7,9.83,4.43,3.27,11.27,1.44,0,0,0
46,9.85,10.01,4.93,3.03,11.56,1.44,0,0,0
46,2.65,10.22,5.91,2.63,12.1,1.45,0,0,0
47,0.36,10.2,5.73,2.81,12.03,1.46,0,0,0
47,0.34,10.42,6.41,2.61,12.51,1.46,0,0,0
47,5.92,10.18,5.97,2.87,12.14,1.46,0,0,0
47,11.04,10.2,6.13,2.89,12.25,1.46,0,0,0
47,5.52,9.98,5.47,3.2,11.82,1.46,0,0,0
47,0.71,9.98,4.99,3.36,11.65,1.47,0,0,0
47,0.88,9.98,4.99,3.29,11.64,1.47,0,0,0
47,3.96,9.74,3.97,3.69,11.14,1.48,0,0,0
48,9.04,9.91,4.36,3.49,11.37,1.48,0,0,0
48,10.37,9.83,4.27,3.4,11.25,1.48,0,0,0
48,3.77,9.91,4.56,3.23,11.37,1.48,0,0,0
48,0.73,9.93,4.69,3.12,11.42,1.48,0,0,0
48,1,9.86,4.69,3.09,11.35,1.48,0,0,0
48,6.02,9.93,5.23,2.78,11.57,1.49,0,0,0
48,11.13,10.01,5.45,2.59,11.68,1.49,0,0,0
48,6.61,9.88,5.93,2.39,11.77,1.5,0,0,0
48,1.15,9.81,5.97,2.34,11.72,1.51,0,0,0
49,0.99,9.76,6,2.41,11.71,1.51,0,0,0
49,2.88,9.79,5.71,2.59,11.62,1.51,0,0,0
49,8,9.74,5.43,2.72,11.47,1.51,0,0,0
49,11.19,9.4,4.34,3.25,10.85,1.51,0,0,0
49,5.9,9.66,4.27,3.4,11.1,1.52,0,0,0
49,1.66,9.81,4.21,3.54,11.24,1.52,0,0,0
49,1.61,9.86,4.19,3.6,11.3,1.53,0,0,0
49,4.76,9.86,4.29,3.54,11.32,1.53,0,0,0
49,10.43,9.96,4.38,3.49,11.42,1.53,0,0,0
50,9.66,10.22,5.19,3.2,11.91,1.53,0,0,0
50,4.07,10.1,5.14,3.23,11.79,1.53,0,0,0
50,1.77,10.05,5.19,3.25,11.77,1.54,0,0,0
50,2.26,10.15,5.34,3.23,11.92,1.54,0,0,0
50,7.62,10.18,5.54,3.16,12.01,1.55,0,0,0
50,12.06,10.1,5.58,3.23,11.98,1.56,0,0,0
50,6.14,9.98,5.34,3.29,11.79,1.56,0,0,0
50,1.99,10.08,5.1,3.29,11.77,1.56,0,0,0
51,2.26,10.18,5.19,3.25,11.88,1.56,0,0,0
51,5.38,10.08,5.25,3.25,11.82,1.56,0,0,0
51,11,10.1,5.56,3.12,11.94,1.57,0,0,0
51,7.96,10.25,6.06,2.81,12.23,1.57,0,0,0
51,2.06,10.25,6.04,2.76,12.21,1.57,0,0,0
51,2.3,10.15,6.32,2.65,12.25,1.57,0,0,0
51,4,9.91,6.28,2.61,12.02,1.58,0,0,0
51,9.3,9.91,6.06,2.56,11.89,1.59,0,0,0
51,11.94,10.05,6,2.5,11.97,1.59,0,0,0
52,5.75,9.91,5.82,2.65,11.79,1.6,0,0,0
52,2.51,9.88,5.65,2.83,11.73,1.6,0,0,0
52,2.59,10.03,5.43,3,11.79,1.6,0,0,0
52,6.72,10.25,5.47,3.07,12.02,1.6,0,0,0
52,12.29,10.22,5.65,3.03,12.07,1.61,0,0,0
52,8.3,10.05,5.56,3.18,11.92,1.61,0,0,0
52,2.73,10.08,5.45,3.23,11.9,1.62,0,0,0
52,2.92,10.15,5.71,3.12,12.06,1.62,0,0,0
52,4.95,10.1,5.71,3.12,12.02,1.62,0,0,0
53,10.4,10.03,5.6,3.14,11.91,1.62,0,0,0
53,10.5,10.01,5.6,3.18,11.9,1.62,0,0,0
53,4.78,10.03,5.56,3.16,11.89,1.63,0,0,0
53,3.05,10.03,5.25,3.29,11.79,1.64,0,0,0
53,3.52,9.98,4.95,3.54,11.69,1.64,0,0,0
53,8.9,9.91,5.04,3.45,11.64,1.64,0,0,0
53,12.69,9.91,4.88,3.42,11.56,1.64,0,0,0
53,7.44,9.98,4.84,3.42,11.61,1.65,0,0,0
54,2.86,10.05,5.04,3.36,11.74,1.65,0,0,0
54,3.15,10.08,5.28,3.34,11.85,1.66,0,0,0
54,5.83,10.18,5.76,3.09,12.09,1.66,0,0,0
54,11.5,10.18,5.67,3.09,12.05,1.67,0,0,0
54,9.62,10.13,5.76,3.03,12.04,1.67,0,0,0
54,3.54,10.03,5.73,2.98,11.93,1.67,0,0,0
54,3.06,9.96,5.69,3.09,11.88,1.68,0,0,0
54,4.16,10.03,5.76,2.96,11.94,1.68,0,0,0
54,9.7,10.03,5.67,2.98,11.9,1.69,0,0,0
55,12.97,10.03,5.62,3.12,11.91,1.7,0,0,0
55,6.82,10.1,5.78,3.18,12.06,1.7,0,0,0
55,3.06,10.18,5.86,3.18,12.17,1.7,0,0,0
55,3.13,10.2,5.82,3.14,12.16,1.7,0,0,0
55,7.47,10.15,5.84,3.18,12.14,1.71,0,0,0
55,13.15,10.05,5.73,3.12,11.99,1.71,0,0,0
55,8.72,10.08,5.82,3.09,12.04,1.72,0,0,0
55,3,10.05,5.8,3.07,12.01,1.72,0,0,0
55,3.11,10.01,5.67,3.16,11.93,1.72,0,0,0
56,5.67,9.98,5.69,3.12,11.9,1.72,0,0,0
56,11.17,10.01,5.67,3.07,11.9,1.73,0,0,0
56,10.78,10.05,5.76,3.14,12,1.74,0,0,0
56,4.74,9.96,5.6,3.12,11.84,1.75,0,0,0
56,3.05,9.93,5.36,3.16,11.72,1.75,0,0,0
56,3.73,10.08,5.6,3.09,11.94,1.75,0,0,0
56,8.85,9.98,5.47,3.18,11.82,1.75,0,0,0
56,13.15,9.83,5.23,3.12,11.57,1.76,0,0,0
57,8.21,9.88,5.1,3.05,11.53,1.76,0,0,0
57,3.27,9.91,5.08,3.09,11.56,1.77,0,0,0
57,3.41,9.88,5.38,3,11.65,1.77,0,0,0
57,6,9.83,5.04,2.98,11.44,1.78,0,0,0
57,11.04,10.05,5.25,2.78,11.68,1.79,0,0,0
57,11.59,10.01,5.47,2.92,11.77,1.79,0,0,0
57,5.68,9.91,5.6,2.92,11.75,1.79,0,0,0
57,3.19,10.1,5.71,2.74,11.92,1.79,0,0,0
57,3.56,10.15,5.71,2.72,11.96,1.8,0,0,0
58,8.83,9.96,5.65,2.87,11.8,1.81,0,0,0
58,13.44,9.81,5.45,3,11.62,1.81,0,0,0
58,8.3,9.93,5.41,2.85,11.66,1.82,0,0,0
58,2.95,10.01,5.32,2.76,11.66,1.82,0,0,0
58,3.23,9.83,5.36,2.89,11.57,1.82,0,0,0
58,5.48,9.83,5.19,3,11.52,1.83,0,0,0
58,10.89,9.98,5.41,2.81,11.69,1.83,0,0,0
58,12.82,9.96,5.34,2.78,11.64,1.84,0,0,0
58,5.92,9.91,5.36,2.85,11.62,1.84,0,0,0
59,3.15,9.88,5.38,2.94,11.63,1.85,0,0,0
59,3.13,9.98,5.32,2.94,11.69,1.85,0,0,0
59,8.02,10.05,5.49,2.85,11.81,1.85,0,0,0
59,12.87,9.98,5.25,3.03,11.68,1.85,0,0,0
59,8.58,9.79,4.8,3.25,11.37,1.85,0,0,0
59,3.07,9.86,5.06,3.09,11.5,1.86,0,0,0
59,3.13,9.86,5.21,2.96,11.54,1.86,0,0,0
59,4.63,9.76,4.95,2.98,11.34,1.87,0,0,0
60,10,9.64,4.69,3,11.13,1.87,0,0,0
60,12.83,9.59,5.1,2.87,11.24,1.87,0,0,0
60,7.02,9.79,5.56,2.67,11.57,1.87,0,0,0
60,3.07,9.81,5.34,2.74,11.5,1.87,0,0,0
60,3.12,9.74,5.21,2.87,11.41,1.88,0,0,0
60,6.55,9.74,5.56,2.74,11.54,1.89,0,0,0
60,11.92,9.83,5.65,2.65,11.65,1.9,0,0,0
60,10.32,9.74,5.21,2.74,11.38,1.9,0,0,0
60,4.7,9.69,5.34,2.67,11.38,1.91,0,0,0
61,3,9.66,5.32,2.74,11.37,1.91,0,0,0
61,3.26,9.71,5.23,2.72,11.36,1.91,0,0,0
61,8.79,9.66,5.06,2.74,11.25,1.91,0,0,0
61,13.48,9.59,5.08,2.76,11.2,1.91,0,0,0
61,8.45,9.71,5.3,2.7,11.39,1.92,0,0,0
61,2.8,9.69,5.19,2.7,11.32,1.92,0,0,0
61,2.93,9.71,5.17,2.65,11.32,1.93,0,0,0
61,5,9.76,5.17,2.65,11.36,1.93,0,0,0
61,10.28,9.76,5.3,2.63,11.41,1.93,0,0,0
62,13.08,9.71,5.34,2.65,11.4,1.93,0,0,0
62,6.22,9.76,5.36,2.59,11.43,1.94,0,0,0
62,3.1,9.76,5.32,2.61,11.42,1.94,0,0,0
62,3.06,9.69,5.28,2.67,11.35,1.95,0,0,0
62,7.12,9.69,5.28,2.72,11.36,1.95,0,0,0
62,12.27,9.69,5.17,2.72,11.31,1.96,0,0,0
62,9.95,9.69,5.17,2.67,11.3,1.96,0,0,0
62,4.26,9.69,5.1,2.67,11.27,1.96,0,0,0
63,3.23,9.74,5.21,2.67,11.36,1.96,0,0,0
63,3.35,9.71,5.12,2.7,11.31,1.97,0,0,0
63,8.81,9.66,5.1,2.59,11.23,1.97,0,0,0
63,13.3,9.69,5.06,2.61,11.24,1.98,0,0,0
63,8.33,9.69,5.1,2.65,11.27,1.98,0,0,0
63,2.89,9.66,5.1,2.67,11.25,1.99,0,0,0
63,3.14,9.71,5.1,2.63,11.28,1.99,0,0,0
63,5.04,9.76,5.21,2.56,11.36,1.99,0,0,0
63,10.42,9.74,5.25,2.59,11.36,1.99,0,0,0
64,12.85,9.71,5.32,2.61,11.38,1.99,0,0,0
64,5.97,9.69,5.21,2.61,11.3,2,0,0,0
64,2.65,9.64,5.12,2.63,11.23,2,0,0,0
64,2.99,9.64,5.12,2.67,11.24,2.01,0,0,0
64,7.19,9.61,5.12,2.74,11.23,2.01,0,0,0
64,12.49,9.61,5.12,2.72,11.23,2.01,0,0,0
64,9.41,9.59,5.12,2.65,11.19,2.01,0,0,0
64,3.81,9.66,5.19,2.61,11.27,2.01,0,0,0
64,2.84,9.74,5.3,2.65,11.4,2.02,0,0,0
65,3.55,9.71,5.3,2.65,11.38,2.03,0,0,0
65,8.7,9.69,5.23,2.56,11.3,2.03,0,0,0
65,12.86,9.69,5.14,2.63,11.28,2.04,0,0,0
65,8.24,9.66,5.21,2.67,11.3,2.04,0,0,0
65,2.71,9.66,5.19,2.7,11.29,2.04,0,0,0
65,2.96,9.69,5.19,2.65,11.31,2.04,0,0,0
65,5.47,9.66,5.19,2.65,11.28,2.05,0,0,0
65,10.61,9.66,5.19,2.67,11.29,2.05,0,0,0
66,12.57,9.61,5.34,2.65,11.31,2.06,0,0,0
66,5.85,9.61,5.28,2.67,11.29,2.06,0,0,0
66,2.83,9.61,5.28,2.67,11.29,2.06,0,0,0
66,2.92,9.59,5.3,2.67,11.28,2.06,0,0,0
66,7.33,9.61,5.3,2.67,11.3,2.07,0,0,0
66,12.84,9.59,5.28,2.72,11.28,2.07,0,0,0
66,8.96,9.59,5.23,2.72,11.26,2.08,0,0,0
66,3.64,9.64,5.23,2.67,11.29,2.08,0,0,0
66,2.96,9.66,5.25,2.72,11.33,2.08,0,0,0
67,3.71,9.66,5.32,2.72,11.36,2.08,0,0,0
67,9.02,9.61,5.25,2.67,11.28,2.08,0,0,0
67,12.8,9.64,5.3,2.61,11.3,2.09,0,0,0
67,7.8,9.64,5.25,2.63,11.29,2.09,0,0,0
67,2.8,9.64,5.28,2.65,11.3,2.1,0,0,0
67,2.82,9.64,5.32,2.63,11.32,2.1,0,0,0
67,5.53,9.64,5.28,2.61,11.29,2.1,0,0,0
67,10.62,9.66,5.32,2.61,11.33,2.1,0,0,0
67,12.7,9.59,5.32,2.67,11.29,2.11,0,0,0
68,5.67,9.64,5.45,2.7,11.4,2.12,0,0,0
68,2.74,9.66,5.43,2.67,11.4,2.12,0,0,0
68,3.04,9.61,5.3,2.72,11.31,2.12,0,0,0
68,7.78,9.61,5.36,2.74,11.35,2.12,0,0,0
68,13.15,9.59,5.34,2.74,11.31,2.12,0,0,0
68,8.67,9.61,5.3,2.74,11.31,2.13,0,0,0
68,3.19,9.59,5.19,2.67,11.23,2.13,0,0,0
68,3.09,9.59,5.19,2.74,11.24,2.14,0,0,0
68,4.05,9.59,5.19,2.72,11.24,2.14,0,0,0
69,9.22,9.59,5.19,2.63,11.22,2.15,0,0,0
69,12.73,9.59,5.19,2.63,11.22,2.15,0,0,0
69,7.66,9.61,5.32,2.61,11.29,2.16,0,0,0
69,2.89,9.66,5.36,2.61,11.36,2.16,0,0,0
69,2.92,9.66,5.36,2.61,11.36,2.17,0,0,0
69,5.7,9.71,5.52,2.56,11.46,2.17,0,0,0
69,10.93,9.66,5.36,2.67,11.37,2.18,0,0,0
69,10.83,9.64,5.41,2.72,11.38,2.18,0,0,0
70,5.32,9.64,5.49,2.67,11.41,2.18,0,0,0
70,2.95,9.59,5.43,2.7,11.34,2.18,0,0,0
70,3,9.64,5.6,2.61,11.45,2.19,0,0,0
70,8,9.57,5.52,2.63,11.35,2.2,0,0,0
70,13.06,9.52,5.36,2.67,11.25,2.2,0,0,0
70,8.3,9.54,5.47,2.61,11.3,2.21,0,0,0
70,2.88,9.57,5.34,2.63,11.27,2.21,0,0,0
70,2.97,9.61,5.45,2.63,11.36,2.21,0,0,0
70,4.42,9.54,5.14,2.76,11.19,2.21,0,0,0
71,9.5,9.64,5.41,2.61,11.36,2.21,0,0,0
71,12.61,9.66,5.54,2.56,11.43,2.22,0,0,0
71,7.23,9.57,5.3,2.7,11.26,2.22,0,0,0
71,2.64,9.59,5.3,2.65,11.27,2.23,0,0,0
71,3,9.54,5.28,2.63,11.22,2.23,0,0,0
71,6.03,9.61,5.62,2.47,11.41,2.23,0,0,0
71,11.41,9.49,5.28,2.65,11.18,2.23,0,0,0
71,10.42,9.44,5.32,2.61,11.15,2.23,0,0,0
71,4.98,9.49,5.45,2.47,11.22,2.24,0,0,0
72,2.93,9.42,5.32,2.52,11.11,2.24,0,0,0
72,2.83,9.42,5.21,2.59,11.07,2.25,0,0,0
72,8.38,9.32,4.99,2.65,10.9,2.25,0,0,0
72,13.09,9.37,5.01,2.56,10.93,2.26,0,0,0
72,8.3,9.42,5.01,2.59,10.98,2.26,0,0,0
72,2.61,9.42,5.01,2.63,10.99,2.26,0,0,0
72,2.62,9.52,5.17,2.65,11.15,2.26,0,0,0
72,4.19,9.52,5.21,2.61,11.16,2.27,0,0,0
73,9.58,9.49,5.14,2.59,11.1,2.27,0,0,0
73,12.5,9.52,5.32,2.59,11.21,2.28,0,0,0
73,6.6,9.47,5.34,2.59,11.17,2.29,0,0,0
73,2.69,9.49,5.25,2.56,11.15,2.29,0,0,0
73,2.66,9.47,5.25,2.52,11.12,2.29,0,0,0
73,6.37,9.44,5.21,2.54,11.08,2.29,0,0,0
73,11.57,9.47,5.25,2.56,11.13,2.29,0,0,0
73,10.18,9.35,5.14,2.65,10.99,2.3,0,0,0
73,4.56,9.37,5.19,2.56,11.01,2.3,0,0,0
74,2.74,9.42,5.28,2.59,11.1,2.31,0,0,0
74,2.92,9.37,5.21,2.72,11.06,2.31,0,0,0
74,8.27,9.42,5.32,2.67,11.14,2.31,0,0,0
74,13.18,9.44,5.32,2.65,11.16,2.31,0,0,0
74,8.33,9.49,5.38,2.63,11.23,2.31,0,0,0
74,2.72,9.54,5.34,2.72,11.27,2.32,0,0,0
74,2.89,9.49,5.34,2.74,11.23,2.32,0,0,0
74,4.81,9.52,5.34,2.63,11.23,2.33,0,0,0
74,10.13,9.49,5.28,2.59,11.16,2.33,0,0,0
75,12.75,9.4,5.3,2.61,11.1,2.33,0,0,0
75,6.06,9.35,5.28,2.56,11.03,2.33,0,0,0
75,2.72,9.32,5.3,2.5,11.01,2.34,0,0,0
75,2.83,9.35,5.25,2.47,11,2.34,0,0,0
75,6.95,9.35,5.36,2.45,11.05,2.35,0,0,0
75,12.24,9.3,5.36,2.5,11.02,2.35,0,0,0
75,9.45,9.32,5.41,2.47,11.06,2.36,0,0,0
75,3.86,9.37,5.34,2.45,11.06,2.36,0,0,0
76,2.83,9.37,5.34,2.5,11.07,2.36,0,0,0
76,3.32,9.37,5.36,2.52,11.09,2.36,0,0,0
76,8.51,9.3,5.25,2.54,10.98,2.36,0,0,0
76,12.99,9.32,5.21,2.52,10.97,2.37,0,0,0
76,8.01,9.37,5.28,2.52,11.04,2.38,0,0,0
76,2.75,9.35,5.25,2.61,11.03,2.38,0,0,0
76,2.79,9.4,5.36,2.59,11.12,2.38,0,0,0
76,5,9.47,5.6,2.43,11.27,2.38,0,0,0
76,10.25,9.15,4.1,3.09,10.49,2.38,0,0,0
77,12.68,8.81,3.03,3.65,10,2.38,0,0,0
77,5.44,8.79,3.47,4.11,10.3,2.39,0,0,0
77,2.56,8.91,2.86,4.49,10.37,2.39,0,0,0
77,2.23,8.86,2.09,4.2,10.02,2.39,0,0,0
77,6.47,8.61,2.07,4.26,9.83,2.39,0,0,0
77,11.76,8.81,3.53,3.95,10.28,2.39,0,0,0
77,8.36,8.59,4.32,3.34,10.18,2.4,0,0,0
77,2.26,8.42,3.34,2.23,9.33,2.4,0,0,0
77,0.94,8.08,3.92,1.22,9.06,2.4,0,0,0
78,0.97,7.17,4.56,1.5,8.63,2.41,0,0,0
78,6.32,6.81,4.53,1.3,8.28,2.41,0,0,0
78,10.39,6.98,4.67,0.42,8.41,2.41,0,0,0
78,5.55,6.88,4.95,0.09,8.48,2.41,0,0,0
78,-0.17,10.83,4.67,1.44,11.88,2.41,0,0,0
78,-0.92,11.79,1.83,2.28,12.14,2.41,0,0,0
78,3.16,13.45,0.57,4.2,14.1,2.42,0,0,0
78,8.04,15.45,-3.25,2.85,16.04,2.42,0,0,0
79,7.14,16.03,-5.38,4.11,17.4,2.42,0,0,0
79,1.17,22.55,-10.05,-1.15,24.71,2.41,0,0,0
79,-1.25,18.55,-11.62,-1.99,21.98,2.39,0,0,0
79,3.39,16.28,-9.88,-1.7,19.11,2.39,0,0,0
79,7.36,12.79,-9.46,-1.72,16,2.38,0,0,0
79,5.79,9.4,-7.13,1.81,11.93,2.38,0,0,0
79,-0.42,6.78,-6.37,2.7,9.69,2.37,0,0,0
79,-1.44,-1.34,-3.36,8.84,9.55,2.37,0,0,0
79,-0.69,-3.22,-2.88,9.24,10.2,2.37,0,0,0
80,8.38,-3.49,-3.68,8.55,9.94,2.37,0,0,0
80,7.82,-1.93,-4.95,5.88,7.92,2.36,0,0,0
80,0.78,-0.73,-5.76,3.12,6.59,2.36,0,0,0
80,-1.26,0.24,-6.54,0.77,6.59,2.36,0,0,0
80,-1.24,0.93,-6.78,-0.13,6.84,2.35,0,0,0
80,4.04,1.2,-6.82,-0.51,6.95,2.34,0,0,0
80,8.46,1.27,-6.78,-0.57,6.92,2.33,0,0,0
80,2.73,1,-6.58,-0.38,6.67,2.33,0,0,0
80,-1.59,0.41,-6.52,-0.18,6.53,2.33,0,0,0
81,-1.49,-0.22,-6.43,0.18,6.44,2.32,0,0,0
81,6.95,-0.12,-6.5,0.13,6.5,2.32,0,0,0
81,7.31,0.17,-6.65,-0.27,6.66,2.32,0,0,0
81,3.68,0.37,-6.76,-0.53,6.79,2.31,0,0,0
81,-1.54,0.22,-6.85,-0.46,6.86,2.3,0,0,0
81,-1.25,0,-6.85,-0.35,6.85,2.29,0,0,0
81,5.61,0.12,-6.89,-0.49,6.91,2.29,0,0,0
81,7.8,0.05,-6.91,-0.51,6.93,2.29,0,0,0
82,5.49,0.05,-6.91,-0.51,6.93,2.28,0,0,0
82,0.34,0.07,-6.93,-0.55,6.95,2.27,0,0,0
82,-1.23,0.12,-6.91,-0.53,6.93,2.27,0,0,0
82,-1.14,0.1,-6.91,-0.53,6.93,2.27,0,0,0
82,7.75,0.07,-6.95,-0.55,6.98,2.27,0,0,0
82,7.57,0.07,-7,-0.57,7.02,2.26,0,0,0
82,1.76,0.07,-7.04,-0.6,7.07,2.25,0,0,0
82,-1.52,0.02,-7.13,-0.66,7.16,2.25,0,0,0
82,-1.35,0,-7.17,-0.71,7.21,2.25,0,0,0
83,7.85,0.05,-7.24,-0.8,7.28,2.25,0,0,0
83,7.98,0,-7.24,-0.77,7.28,2.25,0,0,0
83,3.31,0.05,-7.24,-0.8,7.28,2.24,0,0,0
83,-1.55,0.02,-7.24,-0.8,7.28,2.23,0,0,0
83,-1.24,0.05,-7.17,-0.73,7.21,2.22,0,0,0
83,6.43,0.07,-7.17,-0.73,7.21,2.22,0,0,0
83,7.77,-0.05,-7.15,-0.66,7.18,2.22,0,0,0
83,4.65,-0.02,-7.17,-0.71,7.21,2.22,0,0,0
84,-0.94,-0.1,-7.17,-0.71,7.21,2.21,0,0,0
84,-0.15,-0.05,-7.19,-0.71,7.23,2.21,0,0,0
84,5.51,-0.02,-7.24,-0.71,7.27,2.2,0,0,0
84,7.75,-0.07,-7.26,-0.71,7.29,2.2,0,0,0
84,4.62,-0.02,-7.26,-0.71,7.29,2.2,0,0,0
84,-1.21,0,-7.24,-0.68,7.27,2.2,0,0,0
84,-0.07,0.07,-7.19,-0.64,7.22,2.19,0,0,0
3,-0.62,7.16,2.18,4.57,2.24,5.54,0,0,0
84,7.84,0.07,-7.09,-0.62,7.11,2.17,4.57,2.24,5.53
85,5.69,0.12,-7.06,-0.62,7.09,2.17,4.57,2.24,5.53
85,0.09,0.12,-7.06,-0.62,7.09,2.17,4.57,2.24,5.53
85,-1.25,0.15,-7.02,-0.6,7.05,2.16,4.57,2.24,5.53
85,-1.31,0.12,-7.04,-0.62,7.07,2.15,4.57,2.24,5.52
85,7.48,0.07,-7.09,-0.66,7.12,2.15,4.57,2.24,5.52
85,7.62,0.07,-7.09,-0.66,7.12,2.15,4.57,2.24,5.52
85,2.14,0.05,-7.09,-0.66,7.12,2.15,4.57,2.24,5.52
85,-1,0.07,-7.04,-0.64,7.07,2.14,4.57,2.24,5.52
86,-1.22,0.05,-7.09,-0.68,7.12,2.13,4.57,2.24,5.52
86,7.93,-0.02,-7.17,-0.75,7.21,2.12,4.57,2.24,5.51
86,7.96,0,-7.13,-0.71,7.16,2.12,4.57,2.24,5.51
86,2.94,0.02,-7.11,-0.71,7.14,2.12,4.57,2.24,5.51
86,-1.51,0.76,-7.28,-0.95,7.38,2.12,4.57,2.24,5.51
86,-1.47,0.44,-7.76,-1.26,7.87,2.11,4.57,2.23,5.51
86,6.1,1.22,-8.59,-1.81,8.86,2.1,4.57,2.23,5.5
86,6.99,2.42,-9.09,-2.12,9.64,2.09,4.57,2.23,5.5
86,3.64,4.22,-9.5,-2.56,10.71,2.09,4.57,2.23,5.5
87,-0.96,5.91,-9.92,-2.81,11.88,2.08,4.58,2.23,5.5
87,0.27,6.59,-9.22,-2.36,11.58,2.07,4.59,2.23,5.5
87,5.87,8.91,-8.48,-2.03,12.47,2.07,4.59,2.23,5.5
87,8.43,9.57,-6.74,-1.57,11.8,2.07,4.59,2.23,5.5
87,5.64,9.4,-5.04,-1.17,10.72,2.07,4.59,2.22,5.51
87,0.15,8.69,-3.73,-0.77,9.49,2.06,4.6,2.22,5.51
87,0.4,8.66,-2.51,-0.62,9.04,2.06,4.61,2.22,5.52
87,0.94,9.37,-2.05,-0.73,10.19,2.06,4.64,2.22,5.54
88,2.47,10.03,-1.55,-0.31,10.15,2.06,4.65,2.22,5.55
88,-0.1,10.42,-1.11,-0.91,10.52,2.05,4.66,2.22,5.56
88,5.22,10.2,-0.65,-0.84,10.26,2.05,4.67,2.22,5.56
88,9.09,10.52,-2.27,-0.77,10.79,2.05,4.68,2.22,5.57
88,6.89,10.08,-3.12,-1.02,10.6,2.05,4.69,2.22,5.58
88,0.82,10.4,-4.08,-1.5,11.27,2.05,4.69,2.22,5.58
88,0.26,10.96,-4.91,-1.61,12.11,2.04,4.7,2.21,5.59
89,6.03,11.37,-5.84,-1.04,12.83,2.04,4.72,2.21,5.59
89,9.02,12.18,-6.39,-1.22,13.8,2.03,4.73,2.21,5.6
89,5.84,12.1,-5.32,-0.77,13.24,2.03,4.73,2.21,5.6
89,-0.25,12.23,-4.88,-0.44,13.17,2.03,4.73,2.21,5.6
89,1.34,12.47,-4.62,-0.35,13.3,2.03,4.74,2.21,5.61
89,7.26,13.32,-5.06,-0.93,14.28,2.02,4.75,2.21,5.62
89,9.44,13.49,-5.41,-0.95,14.57,2.02,4.77,2.21,5.63
89,5.59,12.91,-5.84,0.09,14.17,2.02,4.77,2.21,5.63
89,0.1,13.32,-5.65,-0.51,14.48,2,4.79,2.21,5.65
90,2.82,13.4,-5.41,-0.57,14.46,2,4.81,2.21,5.65
90,8.21,12.67,-5.47,-0.68,13.81,1.99,4.82,2.21,5.66
90,9.02,11.96,-4.71,-0.49,12.86,1.99,4.82,2.21,5.66
90,4.35,11.98,-4.25,-1.28,12.78,1.99,4.83,2.21,5.67
90,-0.12,12.54,-3.97,-2.56,13.4,1.99,4.84,2.2,5.68
90,3.12,12.01,-4.38,-2.94,13.11,1.99,4.84,2.2,5.68
90,9.39,11.86,-4.29,-2.96,12.96,1.99,4.84,2.2,5.68
90,9.78,12.35,-3.07,-3.12,13.1,1.98,4.86,2.2,5.69
91,3.27,13.23,-2.62,-3.23,13.86,1.98,4.87,2.2,5.7
91,-0.05,14.15,-2.4,-2.17,14.52,1.98,4.87,2.2,5.7
91,5.28,14.76,-2.31,-1.13,14.99,1.98,4.88,2.2,5.71
91,9.48,15.47,-1.85,0.07,15.58,1.98,4.9,2.2,5.72
91,8.02,16.59,-1.92,0.93,16.73,1.97,4.92,2.2,5.74
91,2.25,17.79,-2.31,1.57,18.01,1.97,4.92,2.2,5.74
91,0.21,17.57,-1.68,1.92,17.75,1.97,4.93,2.2,5.75
91,5.58,16.67,-1.44,2.28,16.88,1.97,4.95,2.2,5.77
91,9.81,16.23,-0.68,1.92,16.36,1.97,4.97,2.2,5.78
92,9.8,15.54,-0.52,1.57,15.63,1.97,4.97,2.2,5.78
92,3.11,14.59,-0.24,0.71,14.61,1.97,4.97,2.2,5.78
92,0.08,13.32,-0.13,-0.07,13.32,1.97,4.98,2.2,5.79
92,5.58,13.23,-1.05,-0.42,13.27,1.97,4.99,2.2,5.8
92,9.89,13.28,-1.74,-1.1,13.43,1.97,5.01,2.2,5.81
92,9.62,12.81,-2.59,-1.86,13.2,1.97,5.01,2.2,5.81
92,2.57,12.88,-3.38,-2.25,13.51,1.97,5.01,2.2,5.81
92,0.02,13.01,-4.16,-2.1,13.82,1.96,5.03,2.2,5.83
93,5.44,13.15,-5.06,-1.88,14.22,1.95,5.05,2.2,5.84
93,9.42,13.2,-5.76,-1.79,14.51,1.95,5.06,2.19,5.85
93,7.32,13.71,-6,-1.63,15.06,1.95,5.06,2.19,5.85
93,1.49,14.13,-6.26,-0.97,15.48,1.94,5.07,2.19,5.86
93,0.17,13.54,-6.3,-0.99,14.97,1.94,5.09,2.19,5.87
93,6.18,12.59,-6.56,-1.35,14.26,1.93,5.1,2.19,5.88
93,9.32,11.15,-7.13,-1.26,13.3,1.93,5.1,2.19,5.88
93,6.38,9.52,-8.09,-1.04,12.53,1.92,5.11,2.19,5.88
93,0.22,7.54,-9.27,-0.42,11.95,1.91,5.12,2.19,5.88
94,1.03,5.3,-10.68,0.09,11.92,1.9,5.12,2.19,5.89
94,6.32,3.76,-11.62,1.41,12.29,1.9,5.12,2.19,5.89
94,8.66,2.88,-12.3,2.94,12.97,1.9,5.12,2.19,5.89
94,6.26,2.46,-12.64,4.22,13.56,1.89,5.12,2.19,5.88
94,1.07,2.22,-12.58,5.59,13.94,1.88,5.13,2.2,5.88
94,0.61,2.1,-12.14,6.45,13.91,1.88,5.13,2.2,5.88
94,5.76,2.61,-11.77,7.31,14.1,1.88,5.13,2.2,5.88
94,8.39,2.56,-12.12,7.93,14.71,1.86,5.13,2.21,5.89
95,6.92,2.27,-12.67,8.46,15.4,1.85,5.13,2.22,5.89
95,1.63,2.73,-12.99,8.66,15.85,1.84,5.13,2.22,5.89
95,0.03,2.73,-12.99,9.04,16.06,1.84,5.13,2.22,5.89
95,5.18,2.88,-13.17,9.37,16.41,1.82,5.14,2.23,5.89
95,8.6,3.03,-13.04,9.81,16.59,1.81,5.14,2.24,5.89
95,8.4,3.49,-12.53,10.01,16.42,1.8,5.14,2.25,5.9
95,2.34,4.05,-11.79,10.52,16.31,1.8,5.14,2.25,5.9
95,0.17,3.37,-11.6,11.18,16.46,1.79,5.15,2.26,5.9
95,4.99,3.47,-11.68,11.14,16.51,1.78,5.15,2.28,5.9
96,8.43,3.1,-11.82,11,16.44,1.76,5.15,2.29,5.91
96,6.7,2.9,-12.21,10.8,16.56,1.76,5.15,2.29,5.91
96,1.47,2.71,-12.32,10.61,16.48,1.75,5.16,2.3,5.91
96,0.41,2.54,-12.75,10.08,16.45,1.74,5.16,2.31,5.91
96,5.53,2.71,-12.77,9.88,16.37,1.73,5.16,2.32,5.91
96,7.77,3.27,-12.86,9.61,16.39,1.73,5.16,2.32,5.91
96,5.73,3.32,-12.88,9.15,16.15,1.73,5.16,2.32,5.91
96,0.81,3.1,-12.97,9.54,16.4,1.71,5.16,2.33,5.92
97,0.57,3.29,-12.97,9.41,16.36,1.7,5.17,2.34,5.92
97,5.42,3.88,-12.75,10.08,16.71,1.69,5.17,2.35,5.92
97,7.98,4.29,-12.97,10.23,17.07,1.69,5.17,2.35,5.92
97,5.86,3.9,-12.77,10.67,17.1,1.67,5.18,2.36,5.93
97,0.64,4.15,-12.51,11.22,17.31,1.66,5.18,2.37,5.93
97,0.89,4.59,-12.51,10.85,17.18,1.65,5.18,2.38,5.94
97,5.86,4.86,-12.84,10.98,17.58,1.65,5.18,2.38,5.94
97,7.7,4.61,-13.21,10.34,17.4,1.64,5.19,2.39,5.94
97,4.74,4.81,-13.06,9.68,16.95,1.62,5.19,2.4,5.95
98,0.24,4.76,-13.39,8.84,16.73,1.61,5.2,2.41,5.95
98,1.67,4.83,-13.71,8.24,16.71,1.61,5.2,2.41,5.95
98,6.36,5.3,-13.63,7.47,16.42,1.6,5.2,2.41,5.95
98,7.57,6.05,-13.67,6.76,16.41,1.58,5.21,2.42,5.96
98,5.04,6.59,-13.56,6.72,16.5,1.57,5.22,2.43,5.96
98,-0.14,7.42,-13.63,6.61,16.86,1.57,5.22,2.43,5.96
98,1.4,8.13,-13.56,7.47,17.48,1.56,5.22,2.44,5.97
98,6.06,9.35,-13.49,8.22,18.36,1.54,5.23,2.44,5.98
99,8.39,9.74,-13.41,8.9,18.81,1.53,5.24,2.45,5.99
99,5.42,9.69,-13.15,9.92,19.11,1.53,5.24,2.45,5.99
99,0.57,9.93,-13.1,10.43,19.47,1.52,5.25,2.46,6
99,1.04,9.74,-12.91,11.09,19.61,1.5,5.26,2.47,6.01
99,6.21,10.22,-12.47,11.4,19.75,1.49,5.27,2.49,6.02
99,8.48,9.3,-12.3,11.78,19.4,1.49,5.27,2.49,6.02
99,4.7,8.66,-12.25,12.51,19.53,1.48,5.28,2.5,6.03
99,0.13,7.96,-12.43,12.66,19.44,1.47,5.29,2.51,6.04
99,1.94,7.27,-12.08,12.77,19.02,1.45,5.3,2.52,6.05
100,6.72,6.74,-11.97,12.9,18.84,1.45,5.3,2.52,6.05
100,7.89,5.83,-11.99,12.86,18.52,1.44,5.3,2.54,6.05
100,3.92,5.47,-11.95,12.9,18.41,1.43,5.31,2.55,6.06
100,0.01,5.03,-11.84,12.95,18.25,1.43,5.31,2.55,6.06
100,3.27,4.64,-11.38,13.21,18.04,1.42,5.31,2.56,6.07
100,8.63,4.37,-11.4,13.3,18.06,1.41,5.32,2.58,6.07
100,7.35,3.98,-11.27,13.43,17.98,1.41,5.32,2.58,6.07
100,1.46,3.56,-11.34,13.37,17.89,1.4,5.32,2.59,6.08
101,-0.05,3.49,-11.21,13.32,17.75,1.38,5.32,2.6,6.09
101,5.65,3.64,-11.14,13.28,17.71,1.38,5.32,2.6,6.09
101,8.44,3.86,-11.18,13.3,17.8,1.37,5.33,2.62,6.09
101,4.75,3.95,-11.42,13.37,18.02,1.36,5.33,2.63,6.1
101,0.08,4.54,-11.66,13.12,18.13,1.36,5.33,2.63,6.1
101,2.72,5.47,-11.73,13.17,18.46,1.35,5.34,2.64,6.11
101,8.49,6.15,-11.99,13.06,18.76,1.34,5.34,2.66,6.12
101,8.81,6.52,-12.32,12.62,18.8,1.34,5.34,2.66,6.12
102,2.3,6.83,-12.6,12.04,18.72,1.33,5.35,2.67,6.12
102,-0.17,7.39,-12.56,11.58,18.61,1.31,5.36,2.68,6.13
102,5.19,7.61,-12.47,11.93,18.86,1.3,5.37,2.69,6.14
102,8.3,7.54,-12.6,11.95,18.93,1.29,5.37,2.7,6.15
102,4.51,7.83,-12.69,11.71,18.96,1.29,5.37,2.7,6.15
102,0.01,8.2,-12.58,11.78,19.08,1.28,5.38,2.72,6.16
102,1.98,8.59,-12.45,11.91,19.25,1.26,5.39,2.73,6.17
102,7.82,8.79,-12.51,12.15,19.53,1.26,5.39,2.73,6.17
102,8.71,9.05,-12.64,11.75,19.49,1.25,5.4,2.74,6.18
103,3.04,9.22,-12.64,11.49,19.42,1.24,5.41,2.75,6.19
103,-0.1,9.42,-12.49,11.58,19.46,1.24,5.41,2.75,6.19
103,4.94,9.81,-12.43,11.53,19.59,1.23,5.42,2.76,6.2
103,8.79,10.01,-12.49,11.58,19.75,1.21,5.43,2.77,6.22
103,5.81,10.05,-12.49,11.49,19.73,1.2,5.44,2.78,6.23
103,-0.18,9.86,-12.49,11.27,19.5,1.19,5.45,2.8,6.24
103,1.91,9.71,-12.56,10.89,19.25,1.19,5.45,2.8,6.24
103,8.04,9.35,-12.75,10.76,19.13,1.17,5.46,2.81,6.25
104,8.84,9,-13.12,10.87,19.27,1.16,5.47,2.82,6.26
104,2.59,8.79,-13.17,10.65,19.08,1.16,5.47,2.82,6.26
104,0.18,8.79,-13.12,10.56,19,1.15,5.48,2.83,6.27
104,4.74,8.93,-12.93,10.85,19.09,1.14,5.48,2.84,6.28
104,8.25,8.93,-12.75,11.36,19.27,1.12,5.49,2.85,6.29
104,5.58,8.88,-12.47,11.53,19.17,1.11,5.5,2.86,6.3
104,-0.11,8.66,-12.21,11.56,18.91,1.11,5.5,2.86,6.3
104,1.62,8.69,-12.06,12.06,19.14,1.1,5.51,2.87,6.31
104,6.9,8.15,-11.62,12.2,18.71,1.09,5.52,2.89,6.32
105,8.49,8.3,-12.01,12.11,18.97,1.09,5.52,2.89,6.32
105,3.54,7.56,-11.82,12.48,18.78,1.08,5.53,2.9,6.33
105,0.21,6.59,-11.79,13.19,18.88,1.06,5.53,2.91,6.34
105,4.41,5.59,-12.03,13.06,18.62,1.06,5.53,2.91,6.34
105,8.55,4.61,-12.23,12.51,18.09,1.05,5.54,2.92,6.35
105,7.74,4.86,-12.84,11.98,18.22,1.04,5.54,2.94,6.36
105,1.08,3.88,-12.82,11.42,17.6,1.04,5.54,2.94,6.36
105,1,4.44,-13.1,10.23,17.21,1.01,5.55,2.96,6.37
106,7.55,4.98,-13.39,8.71,16.73,1,5.56,2.97,6.38
106,9.57,5.54,-13.45,8.26,16.73,1,5.56,2.97,6.38
106,5.03,6.17,-13.45,8.22,16.93,0.99,5.56,2.97,6.38
106,0.44,5.98,-13.41,8.51,16.97,0.97,5.57,2.98,6.39
106,3.09,6.3,-13.34,9.1,17.33,0.97,5.57,2.98,6.39
106,8.19,5.95,-13.54,9.52,17.59,0.96,5.57,2.99,6.4
106,8.94,6.03,-13.71,9.92,17.97,0.94,5.58,3,6.41
106,3.95,6.03,-13.63,10.1,18,0.94,5.58,3,6.41
107,0.57,5.66,-13.71,10.14,17.97,0.93,5.59,3.01,6.41
107,4.06,5.32,-13.8,10.08,17.9,0.92,5.59,3.02,6.42
107,9.27,5.22,-13.91,9.85,17.83,0.92,5.59,3.02,6.42
107,7.44,5.44,-13.91,9.94,17.94,0.9,5.6,3.03,6.43
107,2.14,5.32,-13.71,10.19,17.89,0.89,5.6,3.04,6.44
107,0.38,5.32,-13.58,10.3,17.85,0.89,5.6,3.04,6.44
107,5.62,5.42,-13.63,10.38,17.97,0.88,5.61,3.05,6.44
107,8.73,5.37,-13.56,10.38,17.9,0.86,5.61,3.06,6.45
107,5.07,5.08,-13.41,10.32,17.66,0.86,5.61,3.06,6.45
108,0.04,4.69,-13.39,10.25,17.5,0.85,5.62,3.07,6.46
108,2.45,4.49,-13.41,10.12,17.39,0.84,5.62,3.08,6.47
108,7.8,4.37,-13.43,10.1,17.36,0.84,5.62,3.08,6.47
108,9.03,4.2,-13.28,10.08,17.19,0.82,5.63,3.09,6.47
108,3.17,4.1,-13.3,10.19,17.25,0.81,5.63,3.1,6.48